{"cameraMode":{"drawMode":0,"name":"Shaded","section":"Shading Mode"},"sceneLighting":true,"audioPlay":false,"sceneViewState":{"m_AlwaysRefresh":false,"showFog":true,"showSkybox":true,"showFlares":true,"showImageEffects":true,"showParticleSystems":true,"showVisualEffectGraphs":true,"m_FxEnabled":true},"in2DMode":false,"pivot":{"x":62.93951416015625,"y":48.18574905395508,"z":2.3616421222686769},"rotation":{"x":-0.19256192445755006,"y":0.6940257549285889,"z":-0.20130693912506104,"w":-0.6638771295547485},"size":0.0017119995318353177,"orthographic":false}